{
  "hash": "1f6331ec",
  "configHash": "ac1b37c5",
  "lockfileHash": "f5a971af",
  "browserHash": "753d1b65",
  "optimized": {
    "@angular/core": {
      "src": "../../../../../node_modules/@angular/core/fesm2022/core.mjs",
      "file": "@angular_core.js",
      "fileHash": "29332e4a",
      "needsInterop": false
    },
    "@angular/platform-browser": {
      "src": "../../../../../node_modules/@angular/platform-browser/fesm2022/platform-browser.mjs",
      "file": "@angular_platform-browser.js",
      "fileHash": "24dbd297",
      "needsInterop": false
    },
    "@angular/router": {
      "src": "../../../../../node_modules/@angular/router/fesm2022/router.mjs",
      "file": "@angular_router.js",
      "fileHash": "f2f70fcb",
      "needsInterop": false
    }
  },
  "chunks": {
    "chunk-OA4ZCHTF": {
      "file": "chunk-OA4ZCHTF.js"
    },
    "chunk-BF4XLKTU": {
      "file": "chunk-BF4XLKTU.js"
    }
  }
}